{
    "relation_order": [
      [null, "district"],
      ["district", "client"],
      ["district", "account"],
      ["client", "disp"],
      ["account", "disp"],
      ["disp", "card"],
      ["account", "loan"],
      ["account", "order"],
      ["account", "trans"]
    ],
    "tables": {
      "district": {
        "children": [
          "client",
          "account"
        ],
        "parents": []
      },
      "client": {
        "children": [
          "disp"
        ],
        "parents": [
          "district"
        ]
      },
      "account": {
        "children": [
          "disp",
          "loan",
          "order",
          "trans"
        ],
        "parents": [
          "district"
        ]
      },
      "disp": {
        "children": [
          "card"
        ],
        "parents": [
          "client",
          "account"
        ]
      },
      "card": {
        "children": [],
        "parents": [
          "disp"
        ]
      },
      "loan": {
        "children": [],
        "parents": [
          "account"
        ]
      },
      "order": {
        "children": [],
        "parents": [
          "account"
        ]
      },
      "trans": {
        "children": [],
        "parents": [
          "account"
        ]
      }
    }
  }
  