{"A2": {"size": 77, "type": "discrete"}, "A3": {"size": 8, "type": "discrete"}, "A4": {"size": 77, "type": "continuous"}, "A5": {"size": 53, "type": "continuous"}, "A6": {"size": 36, "type": "continuous"}, "A7": {"size": 17, "type": "continuous"}, "A8": {"size": 6, "type": "continuous"}, "A9": {"size": 11, "type": "continuous"}, "A10": {"size": 70, "type": "continuous"}, "A11": {"size": 76, "type": "continuous"}, "A12": {"size": 71, "type": "continuous"}, "A13": {"size": 73, "type": "continuous"}, "A14": {"size": 44, "type": "continuous"}, "A15": {"size": 76, "type": "continuous"}, "A16": {"size": 76, "type": "continuous"}}